INSERT INTO address (id, city, address_line1, address_line2, postal_code) VALUES (1, 'Warszawa', 'ul. Chmielna 12/1', 'Brak', '00-021');
INSERT INTO address (id, city, address_line1, address_line2, postal_code) VALUES (2, 'Kraków', 'ul. Piłsudskiego 8', 'Brak', '31-112');
INSERT INTO address (id, city, address_line1, address_line2, postal_code) VALUES (3, 'Gdańsk', 'ul. Długa 10/5', 'Brak', '80-831');
INSERT INTO address (id, city, address_line1, address_line2, postal_code) VALUES (4, 'Wrocław', 'ul. Świdnicka 22/4', 'Brak', '50-027');
INSERT INTO address (id, city, address_line1, address_line2, postal_code) VALUES (5, 'Łódź', 'ul. Piotrkowska 123', 'Brak', '90-001');
INSERT INTO address (id, city, address_line1, address_line2, postal_code) VALUES (6, 'Poznań', 'ul. Główna 44/7', 'Brak', '61-701');
INSERT INTO address (id, city, address_line1, address_line2, postal_code) VALUES (7, 'Szczecin', 'ul. Nad Odrą 8', 'Brak', '70-973');
INSERT INTO address (id, city, address_line1, address_line2, postal_code) VALUES (8, 'Bydgoszcz', 'ul. Jagiellońska 55/2', 'Brak', '85-009');
INSERT INTO address (id, city, address_line1, address_line2, postal_code) VALUES (9, 'Lublin', 'ul. Lipowa 7', 'Brak', '20-024');
INSERT INTO address (id, city, address_line1, address_line2, postal_code) VALUES (10, 'Katowice', 'ul. Dąbrowskiego 1/6', 'Brak', '40-039');
INSERT INTO address (id, city, address_line1, address_line2, postal_code) VALUES (11, 'Rzeszów', 'ul. Królowej Jadwigi 34', 'Brak', '35-005');
INSERT INTO address (id, city, address_line1, address_line2, postal_code) VALUES (12, 'Olsztyn', 'ul. Sienkiewicza 9/11', 'Brak', '10-900');
INSERT INTO address (id, city, address_line1, address_line2, postal_code) VALUES (13, 'Białystok', 'ul. Ciołka 5', 'Brak', '15-950');
INSERT INTO address (id, city, address_line1, address_line2, postal_code) VALUES (14, 'Opole', 'ul. Kościuszki 34/8', 'Brak', '45-068');
INSERT INTO address (id, city, address_line1, address_line2, postal_code) VALUES (15, 'Gorzów Wielkopolski', 'ul. Kwiatowa 4/3', 'Brak', '66-400');
INSERT INTO address (id, city, address_line1, address_line2, postal_code) VALUES (16, 'Toruń', 'ul. Mickiewicza 15', 'Brak', '87-100');
INSERT INTO address (id, city, address_line1, address_line2, postal_code) VALUES (17, 'Zielona Góra', 'ul. Wrocławska 32/5', 'Brak', '65-001');
INSERT INTO address (id, city, address_line1, address_line2, postal_code) VALUES (18, 'Kielce', 'ul. Planty 6', 'Brak', '25-010');
INSERT INTO address (id, city, address_line1, address_line2, postal_code) VALUES (19, 'Gliwice', 'ul. Zwycięstwa 21/1', 'Brak', '44-100');
INSERT INTO address (id, city, address_line1, address_line2, postal_code) VALUES (20, 'Częstochowa', 'ul. Wolności 10', 'Brak', '42-200');


INSERT INTO doctor (id, first_name, last_name, telephone_number, email, doctor_number, specialization, id_address) VALUES (1, 'Anna', 'Kowalska', '+48 22 345 67 89', 'anna.kowalska@gmail.com', 'DOC0004', 'Kardiologia', 3);
INSERT INTO doctor (id, first_name, last_name, telephone_number, email, doctor_number, specialization, id_address) VALUES (2, 'Piotr', 'Nowak', '+48 31 654 98 77', 'piotr.nowak@hotmail.com', 'DOC0005', 'Neurologia', 4);
INSERT INTO doctor (id, first_name, last_name, telephone_number, email, doctor_number, specialization, id_address) VALUES (3, 'Marek', 'Wiśniewski', '+48 602 102 345', 'marek.wisniewski@gmail.com', 'DOC0006', 'Chirurgia', 7);
INSERT INTO doctor (id, first_name, last_name, telephone_number, email, doctor_number, specialization, id_address) VALUES (4, 'Karolina', 'Zawisza', '+48 607 887 998', 'karolina.zawisza@wp.pl', 'DOC0007', 'Pediatria', 5);
INSERT INTO doctor (id, first_name, last_name, telephone_number, email, doctor_number, specialization, id_address) VALUES (5, 'Tomasz', 'Szymczak', '+48 601 234 567', 'tomasz.szymczak@o2.pl', 'DOC0008', 'Okulistyka', 10);
INSERT INTO doctor (id, first_name, last_name, telephone_number, email, doctor_number, specialization, id_address) VALUES (6, 'Ewa', 'Mazur', '+48 603 789 012', 'ewa.mazur@interia.pl', 'DOC0009', 'Dermatologia', 6);
INSERT INTO doctor (id, first_name, last_name, telephone_number, email, doctor_number, specialization, id_address) VALUES (7, 'Zbigniew', 'Jankowski', '+48 608 123 456', 'zbigniew.jankowski@gmail.com', 'DOC0010', 'Endokrynologia', 2);
INSERT INTO doctor (id, first_name, last_name, telephone_number, email, doctor_number, specialization, id_address) VALUES (8, 'Magdalena', 'Lewandowska', '+48 605 345 678', 'magdalena.lewandowska@gmail.com', 'DOC0011', 'Ginekologia', 9);
INSERT INTO doctor (id, first_name, last_name, telephone_number, email, doctor_number, specialization, id_address) VALUES (9, 'Jakub', 'Kaczmarek', '+48 609 876 543', 'jakub.kaczmarek@wp.pl', 'DOC0012', 'Chirurgia', 11);
INSERT INTO doctor (id, first_name, last_name, telephone_number, email, doctor_number, specialization, id_address) VALUES (10, 'Dorota', 'Piotrowska', '+48 602 345 678', 'dorota.piotrowska@gmail.com', 'DOC0013', 'Alergologia', 13);
INSERT INTO doctor (id, first_name, last_name, telephone_number, email, doctor_number, specialization, id_address) VALUES (11, 'Łukasz', 'Zieliński', '+48 607 234 890', 'lukasz.zielinski@poczta.onet.pl', 'DOC0014', 'Medycyna rodzinna', 15);
INSERT INTO doctor (id, first_name, last_name, telephone_number, email, doctor_number, specialization, id_address) VALUES (12, 'Barbara', 'Kwiatkowska', '+48 603 567 890', 'barbara.kwiatkowska@interia.pl', 'DOC0015', 'Urologia', 16);
INSERT INTO doctor (id, first_name, last_name, telephone_number, email, doctor_number, specialization, id_address) VALUES (13, 'Adrian', 'Pawlak', '+48 602 123 456', 'adrian.pawlak@gmail.com', 'DOC0016', 'Ortopedia', 17);
INSERT INTO doctor (id, first_name, last_name, telephone_number, email, doctor_number, specialization, id_address) VALUES (14, 'Beata', 'Stolarz', '+48 605 789 123', 'beata.stolarz@poczta.onet.pl', 'DOC0017', 'Dermatologia', 18);
INSERT INTO doctor (id, first_name, last_name, telephone_number, email, doctor_number, specialization, id_address) VALUES (15, 'Michał', 'Borkowski', '+48 608 987 654', 'michal.borkowski@gmail.com', 'DOC0018', 'Psychiatria', 19);
INSERT INTO doctor (id, first_name, last_name, telephone_number, email, doctor_number, specialization, id_address) VALUES (16, 'Katarzyna', 'Wójcik', '+48 603 234 567', 'katarzyna.wojcik@o2.pl', 'DOC0019', 'Neurologia', 20);
INSERT INTO doctor (id, first_name, last_name, telephone_number, email, doctor_number, specialization, id_address) VALUES (17, 'Piotr', 'Grabowski', '+48 605 444 555', 'piotr.grabowski@gmail.com', 'DOC0020', 'Kardiologia', 1);


INSERT INTO patient (id, first_name, last_name, telephone_number, email, patient_number, date_of_birth, id_address) VALUES (1, 'Julia', 'Kowalska', '+48 601 234 567', 'julia.kowalska@gmail.com', 'PATI0004', '1990-02-15', 1);
INSERT INTO patient (id, first_name, last_name, telephone_number, email, patient_number, date_of_birth, id_address) VALUES (2, 'Michał', 'Nowak', '+48 602 345 678', 'michal.nowak@o2.pl', 'PATI0005', '1985-08-29', 2);
INSERT INTO patient (id, first_name, last_name, telephone_number, email, patient_number, date_of_birth, id_address) VALUES (3, 'Katarzyna', 'Wiśniewska', '+48 603 456 789', 'katarzyna.wisniewska@interia.pl', 'PATI0006', '1995-11-02', 3);
INSERT INTO patient (id, first_name, last_name, telephone_number, email, patient_number, date_of_birth, id_address) VALUES (4, 'Paweł', 'Szymański', '+48 604 567 890', 'pawel.szymanski@wp.pl', 'PATI0007', '1987-03-11', 4);
INSERT INTO patient (id, first_name, last_name, telephone_number, email, patient_number, date_of_birth, id_address) VALUES (5, 'Aneta', 'Kaczmarek', '+48 605 678 901', 'aneta.kaczmarek@gmail.com', 'PATI0008', '1992-09-19', 5);
INSERT INTO patient (id, first_name, last_name, telephone_number, email, patient_number, date_of_birth, id_address) VALUES (6, 'Marek', 'Ławniczak', '+48 606 789 012', 'marek.lawniczak@interia.pl', 'PATI0009', '1980-04-13', 6);
INSERT INTO patient (id, first_name, last_name, telephone_number, email, patient_number, date_of_birth, id_address) VALUES (7, 'Ewa', 'Pawlak', '+48 607 890 123', 'ewa.pawlak@poczta.onet.pl', 'PATI0010', '1993-07-08', 7);
INSERT INTO patient (id, first_name, last_name, telephone_number, email, patient_number, date_of_birth, id_address) VALUES (8, 'Piotr', 'Zawisza', '+48 608 901 234', 'piotr.zawisza@wp.pl', 'PATI0011', '1991-12-20', 8);
INSERT INTO patient (id, first_name, last_name, telephone_number, email, patient_number, date_of_birth, id_address) VALUES (9, 'Magdalena', 'Lewandowska', '+48 609 012 345', 'magdalena.lewandowska@o2.pl', 'PATI0012', '1988-01-29', 9);
INSERT INTO patient (id, first_name, last_name, telephone_number, email, patient_number, date_of_birth, id_address) VALUES (10, 'Sebastian', 'Grzelak', '+48 610 123 456', 'sebastian.grzelak@interia.pl', 'PATI0013', '1990-06-18', 10);
INSERT INTO patient (id, first_name, last_name, telephone_number, email, patient_number, date_of_birth, id_address) VALUES (11, 'Krzysztof', 'Stolarz', '+48 611 234 567', 'krzysztof.stolarz@wp.pl', 'PATI0014', '1983-02-05', 11);
INSERT INTO patient (id, first_name, last_name, telephone_number, email, patient_number, date_of_birth, id_address) VALUES (12, 'Anna', 'Piotrowska', '+48 612 345 678', 'anna.piotrowska@poczta.onet.pl', 'PATI0015', '1994-03-25', 12);
INSERT INTO patient (id, first_name, last_name, telephone_number, email, patient_number, date_of_birth, id_address) VALUES (13, 'Dawid', 'Jankowski', '+48 613 456 789', 'dawid.jankowski@interia.pl', 'PATI0016', '1992-08-07', 13);
INSERT INTO patient (id, first_name, last_name, telephone_number, email, patient_number, date_of_birth, id_address) VALUES (14, 'Agnieszka', 'Wójcik', '+48 614 567 890', 'agnieszka.wojcik@o2.pl', 'PATI0017', '1986-04-18', 14);


INSERT INTO visit (id, description, time, id_doctor, id_patient) VALUES (1, 'Vis_4', '2024-12-01 09:45:12', 8, 3);
INSERT INTO visit (id, description, time, id_doctor, id_patient) VALUES (2, 'Vis_5', '2024-12-02 14:30:05', 9, 4);
INSERT INTO visit (id, description, time, id_doctor, id_patient) VALUES (3, 'Vis_6', '2024-12-03 16:15:22', 10, 5);
INSERT INTO visit (id, description, time, id_doctor, id_patient) VALUES (4, 'Vis_7', '2024-12-04 10:00:00', 11, 6);
INSERT INTO visit (id, description, time, id_doctor, id_patient) VALUES (5, 'Vis_8', '2024-12-05 12:30:45', 12, 7);
INSERT INTO visit (id, description, time, id_doctor, id_patient) VALUES (6, 'Vis_9', '2024-12-06 13:15:10', 13, 8);
INSERT INTO visit (id, description, time, id_doctor, id_patient) VALUES (7, 'Vis_10', '2024-12-07 08:45:30', 14, 9);


INSERT INTO medical_treatment (id, description, type, id_visit) VALUES (1, 'Med_Tre_1', 'Operacja', 1);
INSERT INTO medical_treatment (id, description, type, id_visit) VALUES (2, 'Med_Tre_2', 'Konsultacja', 2);
INSERT INTO medical_treatment (id, description, type, id_visit) VALUES (3, 'Med_Tre_3', 'Diagnoza', 7);
INSERT INTO medical_treatment (id, description, type, id_visit) VALUES (4, 'Med_Tre_4', 'Operacja', 6);
INSERT INTO medical_treatment (id, description, type, id_visit) VALUES (5, 'Med_Tre_5', 'Konsultacja', 3);